{"cameraMode":{"drawMode":0,"name":"Shaded","section":"Shading Mode"},"sceneLighting":false,"audioPlay":false,"sceneViewState":{"showFog":true,"showMaterialUpdate":false,"showSkybox":false,"showFlares":true,"showImageEffects":true,"showParticleSystems":true},"in2DMode":false,"pivot":{"x":261.8999938964844,"y":12.700000762939454,"z":1095.5999755859375},"rotation":{"x":-0.07257454097270966,"y":0.8188135027885437,"z":-0.10622001439332962,"w":-0.5594592690467835},"size":71.44709777832031,"orthographic":false}