{"cameraMode":{"drawMode":0,"name":"Shaded","section":"Shading Mode"},"sceneLighting":false,"audioPlay":false,"sceneViewState":{"showFog":true,"showMaterialUpdate":false,"showSkybox":false,"showFlares":true,"showImageEffects":true,"showParticleSystems":true},"in2DMode":false,"pivot":{"x":232.5,"y":11.769140243530274,"z":1317.9000244140625},"rotation":{"x":-0.11172724515199661,"y":0.8664902448654175,"z":-0.22421126067638398,"w":-0.43178829550743105},"size":68.70288848876953,"orthographic":false}