{"cameraMode":{"drawMode":0,"name":"Shaded","section":"Shading Mode"},"sceneLighting":false,"audioPlay":false,"sceneViewState":{"showFog":true,"showMaterialUpdate":false,"showSkybox":false,"showFlares":true,"showImageEffects":true,"showParticleSystems":true},"in2DMode":false,"pivot":{"x":113.86234283447266,"y":20.88855743408203,"z":76.22552490234375},"rotation":{"x":-0.1456291526556015,"y":-0.6847512722015381,"z":0.14251743257045747,"w":-0.699711799621582},"size":5383.3671875,"orthographic":false}