{"cameraMode":{"drawMode":0,"name":"Shaded","section":"Shading Mode"},"sceneLighting":false,"audioPlay":false,"sceneViewState":{"showFog":true,"showMaterialUpdate":false,"showSkybox":true,"showFlares":true,"showImageEffects":true,"showParticleSystems":true},"in2DMode":false,"pivot":{"x":19.55025863647461,"y":9.72867202758789,"z":3.2522506713867189},"rotation":{"x":-0.09552622586488724,"y":-0.02507488988339901,"z":0.002408101223409176,"w":-0.9951081871986389},"size":55.221824645996097,"orthographic":false}